HDR,2684030563,1969461209,,,,,,,,,145.31,,,,
DTL,2684030563,10,137697641779,REF-00001,,USIND1,USIND1,2026-03-27,09:38:00,7290846040,7290846040,,Casey Brooks,2250 Market St,,Reno,NV,89506,US,SMP3,DHL SmartMail Parcel Ground,3.21,LB,3.21,LB,1,EA,5,6.22,,,,,,,,,,,,,,0.44,,,,,,,,,,,,,,,,,,,,,0.45,,,,,,,,,,,,,,
DTL,2684030563,20,568961577168,REF-00002,,USIND1,USIND1,2026-03-26,10:04:00,2052047713,2052047713,,Avery Collins,2511 Market St,,Columbus,OH,43217,US,SMP4,DHL SmartMail Parcel Expedited,3.72,LB,3.72,LB,1,EA,6,5.82,,,,,,,,,,,,,,,,,,,,,,,,,,,,,,,,,,,0.39,,,,,,,,,,,,,,
DTL,2684030563,30,541171273479,REF-00003,,USIND1,USIND1,2026-03-08,10:41:00,0065880238,0065880238,,Casey Brooks,8158 Market St,,Memphis,TN,38118,US,SMP4,DHL SmartMail Parcel Expedited,4.64,LB,4.64,LB,1,EA,3,7.71,,,,,,,,,,,,,,,,,,,,,,,,,,,,,,,,,,,0.40,,,,,,,,,,,,,,
DTL,2684030563,40,249425647863,REF-00004,,USIND1,USIND1,2026-03-03,09:34:00,0559073905,0559073905,,Riley Nguyen,8351 Market St,,Dallas,TX,75261,US,SMP4,DHL SmartMail Parcel Expedited,4.72,LB,4.72,LB,1,EA,2,5.96,,,,,,,,,,,,,,,,,,,,,,,,,,,,,,,,,,,0.30,,,,,,,,,,,,,,
DTL,2684030563,50,410213270207,REF-00005,,USIND1,USIND1,2026-03-25,11:06:00,5335895286,5335895286,,Jordan Patel,901 Market St,,Reno,NV,89506,US,SMP4,DHL SmartMail Parcel Expedited,1.47,LB,1.47,LB,1,EA,5,7.54,,,,,,,,,,,,,,,,,,,,,,,,,,,,,,,,,,,0.44,,,,,,,,,,,,,,
DTL,2684030563,60,623149963176,REF-00006,,USIND1,USIND1,2026-03-02,18:39:00,7228659003,7228659003,,Avery Collins,5183 Market St,,Atlanta,GA,30354,US,SMP4,DHL SmartMail Parcel Expedited,2.87,LB,2.87,LB,1,EA,5,4.74,,,,,,,,,,,,,,,,,,,,,,,,,,,,,,,,,,,0.38,,,,,,,,,,,,,,
DTL,2684030563,70,359878723061,REF-00007,,USIND1,USIND1,2026-03-24,15:57:00,8424827203,8424827203,,Morgan Diaz,2672 Market St,,Memphis,TN,38118,US,SMP4,DHL SmartMail Parcel Expedited,2.59,LB,2.59,LB,1,EA,6,6.11,,,,,,,,,,,,,,,,,,,,,,,,,,,,,,,,,,,0.37,,,,,,,,,,,,,,
DTL,2684030563,80,796339458641,REF-00008,,USIND1,USIND1,2026-03-18,17:25:00,1766287643,1766287643,,Taylor Reed,300 Market St,,Indianapolis,IN,46241,US,SMP2,DHL SmartMail Parcel Plus Ground,0.52,LB,0.52,LB,1,EA,5,7.23,,,,,,,,,,,,,,,,,,,,,,,,,,,,0.54,,,,,,,0.42,,,,,,,,,,,,,,
DTL,2684030563,90,664578704237,REF-00009,,USIND1,USIND1,2026-03-20,18:47:00,7963331723,7963331723,,Morgan Diaz,9262 Market St,,Memphis,TN,38118,US,SMP4,DHL SmartMail Parcel Expedited,0.93,LB,0.93,LB,1,EA,5,8.30,,,,,,,,,,,,,,0.47,,,,,,,,,,,,,,,,,,,,,0.53,,,,,,,,,,,,,,
DTL,2684030563,100,503862484104,REF-00010,,USIND1,USIND1,2026-03-07,15:40:00,7448831392,7448831392,,Riley Nguyen,198 Market St,,Indianapolis,IN,46241,US,SMP4,DHL SmartMail Parcel Expedited,3.84,LB,3.84,LB,1,EA,3,5.52,,,,,,,,,,,,,,,,,,,,,,,,,,,,,,,,,,,0.37,,,,,,,,,,,,,,
DTL,2684030563,110,163120200262,REF-00011,,USIND1,USIND1,2026-03-10,17:20:00,4631699334,4631699334,,Jordan Patel,2894 Market St,,Atlanta,GA,30354,US,SMP3,DHL SmartMail Parcel Ground,1.49,LB,1.49,LB,1,EA,3,4.96,,,,,,,,,,,,,,,,,,,,,,,,,,,,0.38,,,,,,,0.40,,,,,,,,,,,,,,
DTL,2684030563,120,534628447143,REF-00012,,USIND1,USIND1,2026-03-14,08:27:00,1459031209,1459031209,,Riley Nguyen,6394 Market St,,Columbus,OH,43217,US,SMP4,DHL SmartMail Parcel Expedited,2.19,LB,2.19,LB,1,EA,3,5.83,,,,,,,,,,,,,,,,,,,,,,,,,,,,,,,,,,,0.44,,,,,,,,,,,,,,
DTL,2684030563,130,583488915568,REF-00013,,USIND1,USIND1,2026-03-22,14:48:00,7464280544,7464280544,,Jordan Patel,7161 Market St,,Reno,NV,89506,US,SMP2,DHL SmartMail Parcel Plus Ground,2.22,LB,2.22,LB,1,EA,5,5.74,,,,,,,,,,,,,,,,,,,,,,,,,,,,,,,,,,,0.35,,,,,,,,,,,,,,
DTL,2684030563,140,564067091043,REF-00014,,USIND1,USIND1,2026-03-05,08:01:00,2998140803,2998140803,,Taylor Reed,4087 Market St,,Memphis,TN,38118,US,SMP2,DHL SmartMail Parcel Plus Ground,0.59,LB,0.59,LB,1,EA,6,7.44,,,,,,,,,,,,,,,,,,,,,,,,,,,,,,,,,,,0.49,,,,,,,,,,,,,,
DTL,2684030563,150,475748877603,REF-00015,,USIND1,USIND1,2026-03-23,07:06:00,4918435520,4918435520,,Taylor Reed,3805 Market St,,Columbus,OH,43217,US,SMP1,DHL SmartMail Parcel Expedited Max,3.86,LB,3.86,LB,1,EA,4,9.10,,,,,,,,,,,,,,,,,,,,,,,,,,,,,,,,,,,0.60,,,,,,,,,,,,,,
DTL,2684030563,160,824841448944,REF-00016,,USIND1,USIND1,2026-03-29,08:26:00,9676418397,9676418397,,Casey Brooks,6243 Market St,,Reno,NV,89506,US,SMP3,DHL SmartMail Parcel Ground,3.12,LB,3.12,LB,1,EA,2,9.22,,,,,,,,,,,,,,,,,,,,,,,,,,,,,,,,,,,0.68,,,,,,,,,,,,,,
DTL,2684030563,170,169542725107,REF-00017,,USIND1,USIND1,2026-03-15,18:52:00,8476518001,8476518001,,Casey Brooks,8427 Market St,,Memphis,TN,38118,US,SMP3,DHL SmartMail Parcel Ground,2.3,LB,2.3,LB,1,EA,6,6.25,,,,,,,,,,,,,,,,,,,,,,,,,,,,,,,,,,,0.41,,,,,,,,,,,,,,
DTL,2684030563,180,131592918961,REF-00018,,USIND1,USIND1,2026-03-21,10:16:00,6377445032,6377445032,,Jordan Patel,4043 Market St,,Reno,NV,89506,US,SMP1,DHL SmartMail Parcel Expedited Max,3.7,LB,3.7,LB,1,EA,2,7.45,,,,,,,,,,,,,,,,,,,,,,,,,,,,,,,,,,,0.51,,,,,,,,,,,,,,
DTL,2684030563,190,766481537054,REF-00019,,USIND1,USIND1,2026-03-09,08:21:00,5580895514,5580895514,,Casey Brooks,3290 Market St,,Indianapolis,IN,46241,US,SMP1,DHL SmartMail Parcel Expedited Max,2.59,LB,2.59,LB,1,EA,6,8.04,,,,,,,,,,,,,,,,,,,,,,,,,,,,,,,,,,,0.44,,,,,,,,,,,,,,
DTL,2684030563,200,312592371972,REF-00020,,USIND1,USIND1,2026-03-13,09:14:00,2322809585,2322809585,,Taylor Reed,9692 Market St,,Reno,NV,89506,US,SMP4,DHL SmartMail Parcel Expedited,2.13,LB,2.13,LB,1,EA,6,5.56,,,,,,,,,,,,,,,,,,,,,,,,,,,,,,,,,,,0.37,,,,,,,,,,,,,,
